﻿<?xml version="1.0" encoding="utf-8"?>
<CallableObject guid="6dd322e6-1d27-4623-9de2-888a3d4d5bbb" name="WFgxuiInitState" description="WFgxui Init State" namespace="com.gxflow">
  <Signature name="par">
    <Parameter name="UsrCod">
      <Field>
        <Properties>
          <Property>
            <Name>Type</Name>
            <Value>VarChar</Value>
          </Property>
          <Property>
            <Name>Length</Name>
            <Value>100</Value>
          </Property>
          <Property>
            <Name>Decimals</Name>
            <Value>40</Value>
          </Property>
        </Properties>
      </Field>
    </Parameter>
    <Parameter name="ReturnValue" accessor="out" collection="true">
      <Field name="gxuiState" description="gxui State">
        <Fields>
          <Field name="name" description="name">
            <Properties>
              <Property>
                <Name>Type</Name>
                <Value>Character</Value>
              </Property>
              <Property>
                <Name>Length</Name>
                <Value>200</Value>
              </Property>
            </Properties>
          </Field>
          <Field name="value" description="value">
            <Properties>
              <Property>
                <Name>Type</Name>
                <Value>Character</Value>
              </Property>
              <Property>
                <Name>Length</Name>
                <Value>10000</Value>
              </Property>
            </Properties>
          </Field>
        </Fields>
      </Field>
    </Parameter>
  </Signature>
</CallableObject>