﻿<?xml version="1.0" encoding="utf-8"?>
<Objects xmlns="qv">
  <Object name="WFDynFormGetForms" id="1" type="DataProvider" xmlns="qv">
    <DefaultOutput type="OutputTypePivotTable" xmlns="qv" />
  </Object>
  <Object name="DynFormGetDynProperty" id="2" type="DataProvider" xmlns="qv">
    <DefaultOutput type="OutputTypePivotTable" xmlns="qv" />
  </Object>
  <Object name="DynFormSDTDFElemLoad" id="3" type="DataProvider" xmlns="qv">
    <DefaultOutput type="OutputTypePivotTable" xmlns="qv" />
  </Object>
  <Object name="DynFormGetDynPropDescription" id="4" type="DataProvider" xmlns="qv">
    <DefaultOutput type="OutputTypePivotTable" xmlns="qv" />
  </Object>
  <Object name="WFSTProcessActivity" id="5" type="DataProvider" xmlns="qv">
    <DefaultOutput type="OutputTypePivotTable" xmlns="qv" />
  </Object>
  <Object name="WFSTProcessInstanceTrend" id="6" type="DataProvider" xmlns="qv">
    <DefaultOutput type="OutputTypePivotTable" xmlns="qv" />
  </Object>
  <Object name="WFIconsColumnModel" id="7" type="DataProvider" xmlns="qv">
    <DefaultOutput type="OutputTypePivotTable" xmlns="qv" />
  </Object>
  <Object name="WFTasksColumnModel" id="8" type="DataProvider" xmlns="qv">
    <DefaultOutput type="OutputTypePivotTable" xmlns="qv" />
  </Object>
  <Object name="WFMembershipColumnModel" id="9" type="DataProvider" xmlns="qv">
    <DefaultOutput type="OutputTypePivotTable" xmlns="qv" />
  </Object>
  <Object name="WFDocumentsColumnModel" id="10" type="DataProvider" xmlns="qv">
    <DefaultOutput type="OutputTypePivotTable" xmlns="qv" />
  </Object>
  <Object name="WFPropertyColumnModel" id="11" type="DataProvider" xmlns="qv">
    <DefaultOutput type="OutputTypePivotTable" xmlns="qv" />
  </Object>
  <Object name="WFUserOUsColumnModel" id="12" type="DataProvider" xmlns="qv">
    <DefaultOutput type="OutputTypePivotTable" xmlns="qv" />
  </Object>
  <Object name="WFUserCollaborationColumnModel" id="13" type="DataProvider" xmlns="qv">
    <DefaultOutput type="OutputTypePivotTable" xmlns="qv" />
  </Object>
  <Object name="WFNotificationsColumnModel" id="14" type="DataProvider" xmlns="qv">
    <DefaultOutput type="OutputTypePivotTable" xmlns="qv" />
  </Object>
  <Object name="WFBOColumnModel" id="15" type="DataProvider" xmlns="qv">
    <DefaultOutput type="OutputTypePivotTable" xmlns="qv" />
  </Object>
  <Object name="DynFormGetInitialForm" id="16" type="DataProvider" xmlns="qv">
    <DefaultOutput type="OutputTypePivotTable" xmlns="qv" />
  </Object>
  <Object name="WFDynFormElementFiltersColumnModel" id="17" type="DataProvider" xmlns="qv">
    <DefaultOutput type="OutputTypePivotTable" xmlns="qv" />
  </Object>
  <Object name="WFDynFormElementRulesColumnModel" id="18" type="DataProvider" xmlns="qv">
    <DefaultOutput type="OutputTypePivotTable" xmlns="qv" />
  </Object>
  <Object name="WFDynFormElementsColumnModel" id="19" type="DataProvider" xmlns="qv">
    <DefaultOutput type="OutputTypePivotTable" xmlns="qv" />
  </Object>
  <Object name="WFDynFormElementRuleParameterColumnModel" id="20" type="DataProvider" xmlns="qv">
    <DefaultOutput type="OutputTypePivotTable" xmlns="qv" />
  </Object>
  <Object name="WFDynFormElementRuleConditionColumnModel" id="21" type="DataProvider" xmlns="qv">
    <DefaultOutput type="OutputTypePivotTable" xmlns="qv" />
  </Object>
  <Object name="WFgxuiInitState" id="22" type="DataProvider" xmlns="qv">
    <DefaultOutput type="OutputTypePivotTable" xmlns="qv" />
  </Object>
  <Object name="DynFormGetFormInstance" id="23" type="DataProvider" xmlns="qv">
    <DefaultOutput type="OutputTypePivotTable" xmlns="qv" />
  </Object>
  <Object name="WFRolesColumnModel" id="24" type="DataProvider" xmlns="qv">
    <DefaultOutput type="OutputTypePivotTable" xmlns="qv" />
  </Object>
  <Object name="WFUsersColumnModel" id="25" type="DataProvider" xmlns="qv">
    <DefaultOutput type="OutputTypePivotTable" xmlns="qv" />
  </Object>
  <Object name="WFProcessesColumnModel" id="26" type="DataProvider" xmlns="qv">
    <DefaultOutput type="OutputTypePivotTable" xmlns="qv" />
  </Object>
  <Object name="WFProcessDefinitionsColumnModel" id="27" type="DataProvider" xmlns="qv">
    <DefaultOutput type="OutputTypePivotTable" xmlns="qv" />
  </Object>
  <Object name="WFCalendarsColumnModel" id="28" type="DataProvider" xmlns="qv">
    <DefaultOutput type="OutputTypePivotTable" xmlns="qv" />
  </Object>
  <Object name="WFEventsColumnModel" id="29" type="DataProvider" xmlns="qv">
    <DefaultOutput type="OutputTypePivotTable" xmlns="qv" />
  </Object>
  <Object name="WFOrganizationalUnitsColumnModel" id="30" type="DataProvider" xmlns="qv">
    <DefaultOutput type="OutputTypePivotTable" xmlns="qv" />
  </Object>
  <Object name="WFOrganizationalUnitsDefinitionColumnModel" id="31" type="DataProvider" xmlns="qv">
    <DefaultOutput type="OutputTypePivotTable" xmlns="qv" />
  </Object>
  <Object name="WFBOActionsColumnModel" id="32" type="DataProvider" xmlns="qv">
    <DefaultOutput type="OutputTypePivotTable" xmlns="qv" />
  </Object>
  <Object name="WFNotificationTemplatesColumnModel" id="33" type="DataProvider" xmlns="qv">
    <DefaultOutput type="OutputTypePivotTable" xmlns="qv" />
  </Object>
  <Object name="WFBOMenusColumnModel" id="34" type="DataProvider" xmlns="qv">
    <DefaultOutput type="OutputTypePivotTable" xmlns="qv" />
  </Object>
  <Object name="WFDynFormDefinitionsColumnModel" id="35" type="DataProvider" xmlns="qv">
    <DefaultOutput type="OutputTypePivotTable" xmlns="qv" />
  </Object>
  <Object name="WFDynDomainsColumnModel" id="36" type="DataProvider" xmlns="qv">
    <DefaultOutput type="OutputTypePivotTable" xmlns="qv" />
  </Object>
  <Object name="WFLicensesColumnModel" id="37" type="DataProvider" xmlns="qv">
    <DefaultOutput type="OutputTypePivotTable" xmlns="qv" />
  </Object>
  <Object name="WFLicenseUsersColumnModel" id="38" type="DataProvider" xmlns="qv">
    <DefaultOutput type="OutputTypePivotTable" xmlns="qv" />
  </Object>
  <Object name="WFProcessDeadlineStatus" id="1" type="Query" xmlns="qv">
    <DefaultOutput type="OutputTypeChartPie" xmlns="qv" />
  </Object>
  <Object name="WFProcessDuration" id="2" type="Query" xmlns="qv">
    <DefaultOutput type="OutputTypePivotTable" xmlns="qv" />
  </Object>
  <Object name="WFProcessCreationRanking" id="3" type="Query" xmlns="qv">
    <DefaultOutput type="OutputTypeTable" xmlns="qv" />
  </Object>
  <Object name="WFProcessCountState" id="4" type="Query" xmlns="qv">
    <DefaultOutput type="OutputTypeChartStackedBar" xmlns="qv" />
  </Object>
  <Object name="WFProcessDeadlines" id="5" type="Query" xmlns="qv">
    <DefaultOutput type="OutputTypeChartColumn" xmlns="qv" />
  </Object>
  <Object name="WFTaskDeadlineStatus" id="6" type="Query" xmlns="qv">
    <DefaultOutput type="OutputTypeChartPie" xmlns="qv" />
  </Object>
  <Object name="WFTaskDuration" id="7" type="Query" xmlns="qv">
    <DefaultOutput type="OutputTypeChartColumn3D" xmlns="qv" />
  </Object>
  <Object name="WFTaskCreationRanking" id="8" type="Query" xmlns="qv">
    <DefaultOutput type="OutputTypePivotTable" xmlns="qv" />
  </Object>
  <Object name="WFTaskCountState" id="9" type="Query" xmlns="qv">
    <DefaultOutput type="OutputTypeChartStackedBar" xmlns="qv" />
  </Object>
  <Object name="WFTaskDeadlines" id="10" type="Query" xmlns="qv">
    <DefaultOutput type="OutputTypeChartColumn" xmlns="qv" />
  </Object>
  <Object name="WFUsersPerformance" id="11" type="Query" xmlns="qv">
    <DefaultOutput type="OutputTypePivotTable" xmlns="qv" />
  </Object>
  <Object name="WFUserPerformanceVsTeamAverage" id="12" type="Query" xmlns="qv">
    <DefaultOutput type="OutputTypePivotTable" xmlns="qv" />
  </Object>
  <Object name="WFUserPerformanceTrend" id="13" type="Query" xmlns="qv">
    <DefaultOutput type="OutputTypePivotTable" xmlns="qv" />
  </Object>
  <Object name="WFProcessDurationMinMax" id="14" type="Query" xmlns="qv">
    <DefaultOutput type="OutputTypePivotTable" xmlns="qv" />
  </Object>
  <Object name="WFTaskDurationMinMax" id="15" type="Query" xmlns="qv">
    <DefaultOutput type="OutputTypePivotTable" xmlns="qv" />
  </Object>
  <Object name="WFUsersPerformanceTrend" id="16" type="Query" xmlns="qv">
    <DefaultOutput type="OutputTypeChartTimeline" xmlns="qv" />
  </Object>
  <Object name="WFUsersPerformanceTrendByRole" id="17" type="Query" xmlns="qv">
    <DefaultOutput type="OutputTypeChartTimeline" xmlns="qv" />
  </Object>
  <Object name="WFUsersPerformanceByRole" id="18" type="Query" xmlns="qv">
    <DefaultOutput type="OutputTypePivotTable" xmlns="qv" />
  </Object>
</Objects>