﻿<?xml version="1.0" encoding="utf-8"?>
<CallableObject guid="83f3f56c-c3c4-4ed0-94c5-f2a5028867df" name="WFSTProcessActivity" description="WFSTProcess Activity" namespace="GXflow.Programs">
  <Signature name="par">
    <Parameter name="processGUID">
      <Field>
        <Properties>
          <Property>
            <Name>Type</Name>
            <Value>Character</Value>
          </Property>
          <Property>
            <Name>Length</Name>
            <Value>40</Value>
          </Property>
        </Properties>
      </Field>
    </Parameter>
    <Parameter name="from">
      <Field>
        <Properties>
          <Property>
            <Name>Type</Name>
            <Value>Date</Value>
          </Property>
          <Property>
            <Name>Length</Name>
            <Value>8</Value>
          </Property>
        </Properties>
      </Field>
    </Parameter>
    <Parameter name="to">
      <Field>
        <Properties>
          <Property>
            <Name>Type</Name>
            <Value>Date</Value>
          </Property>
          <Property>
            <Name>Length</Name>
            <Value>8</Value>
          </Property>
        </Properties>
      </Field>
    </Parameter>
    <Parameter name="ReturnValue" accessor="out">
      <Field name="WFSDTProcessActivity" description="WFSDTProcess Activity">
        <Fields>
          <Field name="Opened" description="Opened">
            <Properties>
              <Property>
                <Name>Type</Name>
                <Value>Numeric</Value>
              </Property>
              <Property>
                <Name>Length</Name>
                <Value>10</Value>
              </Property>
            </Properties>
          </Field>
          <Field name="Closed" description="Closed">
            <Properties>
              <Property>
                <Name>Type</Name>
                <Value>Numeric</Value>
              </Property>
              <Property>
                <Name>Length</Name>
                <Value>10</Value>
              </Property>
            </Properties>
          </Field>
          <Field name="Aborted" description="Aborted">
            <Properties>
              <Property>
                <Name>Type</Name>
                <Value>Numeric</Value>
              </Property>
              <Property>
                <Name>Length</Name>
                <Value>10</Value>
              </Property>
            </Properties>
          </Field>
        </Fields>
      </Field>
    </Parameter>
  </Signature>
</CallableObject>